{
  "marketing_stripe": {
    "text": "Aproveite nossos descontos de até 15%!",
    "link": "/promotion",
    "background": "#f40101"
  },
  "contacts_stripe": {
    "pages": [
      {
        "title": "Sobre nós",
        "link": "/pages/sobre-nos"
      },
      {
        "title": "Catalogo",
        "link": "/produtos"
      }
    ],
    "phone_wpp": true,
    "socials": false
  },
  "categories_list": {
    "featured": [],
    "random": 5,
    "full_width": false
  },
  "search_input": true
}